{"cameraMode":{"drawMode":0,"name":"Shaded","section":"Shading Mode"},"sceneLighting":false,"audioPlay":false,"sceneViewState":{"showFog":false,"showMaterialUpdate":false,"showSkybox":false,"showFlares":false,"showImageEffects":true,"showParticleSystems":true},"in2DMode":false,"pivot":{"x":12.4287109375,"y":1.1399999856948853,"z":-9.600000381469727},"rotation":{"x":0.23487713932991029,"y":0.2933443486690521,"z":-0.07458988577127457,"w":0.9237034916877747},"size":2.8578836917877199,"orthographic":false}