{"cameraMode":{"drawMode":0,"name":"Shaded","section":"Shading Mode"},"sceneLighting":true,"audioPlay":false,"sceneViewState":{"showFog":false,"showMaterialUpdate":false,"showSkybox":false,"showFlares":false,"showImageEffects":true,"showParticleSystems":true},"in2DMode":false,"pivot":{"x":32.071441650390628,"y":-12.833019256591797,"z":16.72797393798828},"rotation":{"x":0.11997251957654953,"y":0.7437019348144531,"z":-0.13879112899303437,"w":0.6428565979003906},"size":115.1326904296875,"orthographic":false}