{"cameraMode":{"drawMode":0,"name":"Shaded","section":"Shading Mode"},"sceneLighting":true,"audioPlay":false,"sceneViewState":{"showFog":false,"showMaterialUpdate":false,"showSkybox":false,"showFlares":false,"showImageEffects":true,"showParticleSystems":true},"in2DMode":false,"pivot":{"x":-14.846210479736329,"y":5.687786102294922,"z":2.7360305786132814},"rotation":{"x":0.1354779303073883,"y":-0.6431694030761719,"z":0.11703804135322571,"w":0.7445095777511597},"size":93.4303207397461,"orthographic":false}