{"cameraMode":{"drawMode":0,"name":"Shaded","section":"Shading Mode"},"sceneLighting":false,"audioPlay":false,"sceneViewState":{"showFog":false,"showMaterialUpdate":false,"showSkybox":false,"showFlares":false,"showImageEffects":true,"showParticleSystems":true},"in2DMode":false,"pivot":{"x":22.06209945678711,"y":0.3977000117301941,"z":-6.987800121307373},"rotation":{"x":0.23060378432273866,"y":0.14819727838039399,"z":-0.03556030988693237,"w":0.9610394835472107},"size":0.40010347962379458,"orthographic":false}